Datetime,Water Level (m)
2025-05-03 00:00:00,-0.6443375
2025-05-03 01:00:00,-0.7913623
2025-05-03 02:00:00,-0.71590155
2025-05-03 03:00:00,-0.381123
2025-05-03 04:00:00,0.030305317
2025-05-03 05:00:00,0.43025696
2025-05-03 06:00:00,0.72481954
2025-05-03 07:00:00,0.8404245
2025-05-03 08:00:00,0.74892324
2025-05-03 09:00:00,0.48533452
2025-05-03 10:00:00,0.1706121
2025-05-03 11:00:00,-0.09889856
2025-05-03 12:00:00,-0.3325537
2025-05-03 13:00:00,-0.53469694
2025-05-03 14:00:00,-0.64622617
2025-05-03 15:00:00,-0.5684774
2025-05-03 16:00:00,-0.33250964
2025-05-03 17:00:00,-0.10702008
2025-05-03 18:00:00,0.107831694
2025-05-03 19:00:00,0.28718695
2025-05-03 20:00:00,0.32790035
2025-05-03 21:00:00,0.23043197
2025-05-03 22:00:00,0.055000342
2025-05-03 23:00:00,-0.15466215
2025-05-04 00:00:00,-0.36869985
2025-05-04 01:00:00,-0.53384346
2025-05-04 02:00:00,-0.59196764
2025-05-04 03:00:00,-0.4726759
2025-05-04 04:00:00,-0.21639195
2025-05-04 05:00:00,0.060889073
2025-05-04 06:00:00,0.32696477
2025-05-04 07:00:00,0.5164553
2025-05-04 08:00:00,0.6272954
2025-05-04 09:00:00,0.6153134
2025-05-04 10:00:00,0.45866483
2025-05-04 11:00:00,0.23607412
2025-05-04 12:00:00,0.014309157
2025-05-04 13:00:00,-0.23090634
2025-05-04 14:00:00,-0.45973343
2025-05-04 15:00:00,-0.5764372
2025-05-04 16:00:00,-0.54573977
2025-05-04 17:00:00,-0.38664472
2025-05-04 18:00:00,-0.1536945
2025-05-04 19:00:00,0.04650341
2025-05-04 20:00:00,0.17775723
2025-05-04 21:00:00,0.2606323
2025-05-04 22:00:00,0.24146041
2025-05-04 23:00:00,0.11919453
2025-05-05 00:00:00,-0.02937357
2025-05-05 01:00:00,-0.18563396
2025-05-05 02:00:00,-0.3408336
2025-05-05 03:00:00,-0.41666323
2025-05-05 04:00:00,-0.347048
2025-05-05 05:00:00,-0.1729813
2025-05-05 06:00:00,-0.03436356
2025-05-05 07:00:00,0.13118906
2025-05-05 08:00:00,0.37043288
2025-05-05 09:00:00,0.540097
2025-05-05 10:00:00,0.576836
2025-05-05 11:00:00,0.5028242
2025-05-05 12:00:00,0.30668178
2025-05-05 13:00:00,0.050460204
2025-05-05 14:00:00,-0.20399049
2025-05-05 15:00:00,-0.41427767
2025-05-05 16:00:00,-0.54496324
2025-05-05 17:00:00,-0.56866837
2025-05-05 18:00:00,-0.47298297
2025-05-05 19:00:00,-0.26670638
2025-05-05 20:00:00,-0.0374249
2025-05-05 21:00:00,0.16193849
2025-05-05 22:00:00,0.30767724
2025-05-05 23:00:00,0.34716764
2025-05-06 00:00:00,0.25891715
2025-05-06 01:00:00,0.098159425
2025-05-06 02:00:00,-0.08467397
2025-05-06 03:00:00,-0.27352774
2025-05-06 04:00:00,-0.39824694
2025-05-06 05:00:00,-0.39739397
2025-05-06 06:00:00,-0.28399003
2025-05-06 07:00:00,-0.12406468
2025-05-06 08:00:00,0.09005124
2025-05-06 09:00:00,0.32713047
2025-05-06 10:00:00,0.49309787
2025-05-06 11:00:00,0.56801707
2025-05-06 12:00:00,0.53366137
2025-05-06 13:00:00,0.35511526
2025-05-06 14:00:00,0.092036575
2025-05-06 15:00:00,-0.1865171
2025-05-06 16:00:00,-0.4233623
2025-05-06 17:00:00,-0.5839095
2025-05-06 18:00:00,-0.6253453
2025-05-06 19:00:00,-0.5022536
2025-05-06 20:00:00,-0.25493702
2025-05-06 21:00:00,0.014833801
2025-05-06 22:00:00,0.27344722
2025-05-06 23:00:00,0.45037308
2025-05-07 00:00:00,0.4994305
2025-05-07 01:00:00,0.43940264
2025-05-07 02:00:00,0.25754026
2025-05-07 03:00:00,-0.0018125409
2025-05-07 04:00:00,-0.2478851
2025-05-07 05:00:00,-0.4077567
2025-05-07 06:00:00,-0.44883794
2025-05-07 07:00:00,-0.3684581
2025-05-07 08:00:00,-0.16334885
2025-05-07 09:00:00,0.10158057
2025-05-07 10:00:00,0.35669598
2025-05-07 11:00:00,0.55558896
2025-05-07 12:00:00,0.64422154
2025-05-07 13:00:00,0.5824705
2025-05-07 14:00:00,0.3726395
2025-05-07 15:00:00,0.06597724
2025-05-07 16:00:00,-0.26180083
2025-05-07 17:00:00,-0.5293171
2025-05-07 18:00:00,-0.69107676
2025-05-07 19:00:00,-0.69612086
2025-05-07 20:00:00,-0.4951646
2025-05-07 21:00:00,-0.17225078
2025-05-07 22:00:00,0.15132454
2025-05-07 23:00:00,0.424636
2025-05-08 00:00:00,0.5949751
2025-05-08 01:00:00,0.6247845
2025-05-08 02:00:00,0.51590663
2025-05-08 03:00:00,0.2764478
2025-05-08 04:00:00,-0.0136217605
2025-05-08 05:00:00,-0.29238474
2025-05-08 06:00:00,-0.5038659
2025-05-08 07:00:00,-0.5772849
2025-05-08 08:00:00,-0.45717272
2025-05-08 09:00:00,-0.17838234
2025-05-08 10:00:00,0.14289162
2025-05-08 11:00:00,0.45349106
2025-05-08 12:00:00,0.6495126
2025-05-08 13:00:00,0.6909834
2025-05-08 14:00:00,0.5638804
2025-05-08 15:00:00,0.28675234
2025-05-08 16:00:00,-0.057134755
2025-05-08 17:00:00,-0.4043188
2025-05-08 18:00:00,-0.6701165
2025-05-08 19:00:00,-0.7982099
2025-05-08 20:00:00,-0.73767287
2025-05-08 21:00:00,-0.4493251
2025-05-08 22:00:00,-0.05318696
2025-05-08 23:00:00,0.34213397
2025-05-09 00:00:00,0.64278954
